{
    "课程目标1": {
        "平时成绩_平均值": 86.1,
        "平时成绩_达成度": 0.861,
        "期末考试_平均值": 32.839999999999996,
        "期末考试_达成度": 0.821
    },
    "课程目标2": {
        "期末考试_平均值": 27.389999999999997,
        "期末考试_达成度": 0.83
    },
    "课程目标3": {
        "上机成绩_平均值": 17.740000000000002,
        "上机成绩_达成度": 0.8870000000000001,
        "期末考试_平均值": 22.330000000000002,
        "期末考试_达成度": 0.8270370370370372
    },
    "课程目标4": {
        "上机成绩_平均值": 70.96000000000001,
        "上机成绩_达成度": 0.8870000000000001
    },
    "平均总成绩": 84.27199999999999,
    "中位数": 84.18,
    "标准差": 1.2102323009332632,
    "最高分": 86.84,
    "最低分": 82.04,
    "学生总数": 10,
    "未参加考试人数": 0,
    "参加考试人数": 10,
    "成绩分布": {
        "优秀": {
            "人数": 0,
            "占比": 0.0
        },
        "良好": {
            "人数": 10,
            "占比": 100.0
        },
        "中等": {
            "人数": 0,
            "占比": 0.0
        },
        "及格": {
            "人数": 0,
            "占比": 0.0
        },
        "不及格": {
            "人数": 0,
            "占比": 0.0
        }
    }
}