{
    "课程目标1": {
        "平时成绩_平均值": 84.0,
        "平时成绩_达成度": 0.84,
        "期末考试_平均值": 32.78,
        "期末考试_达成度": 0.8195
    },
    "课程目标2": {
        "期末考试_平均值": 27.04,
        "期末考试_达成度": 0.8193939393939393
    },
    "课程目标3": {
        "上机成绩_平均值": 17.5,
        "上机成绩_达成度": 0.875,
        "期末考试_平均值": 22.389999999999997,
        "期末考试_达成度": 0.8292592592592593
    },
    "课程目标4": {
        "上机成绩_平均值": 70.0,
        "上机成绩_达成度": 0.875
    },
    "总成绩": {
        "平均值": 83.622,
        "中位值": 83.80000000000001,
        "标准差": 0.8988610076708831,
        "最高分": 84.43,
        "最低分": 81.44
    },
    "人数统计": {
        "总人数": 10,
        "未参加考试人数": 0,
        "参加考试人数": 10
    },
    "成绩分布": {
        "优秀": {
            "人数": 0,
            "占比": 0.0
        },
        "良好": {
            "人数": 10,
            "占比": 100.0
        },
        "中等": {
            "人数": 0,
            "占比": 0.0
        },
        "及格": {
            "人数": 0,
            "占比": 0.0
        },
        "不及格": {
            "人数": 0,
            "占比": 0.0
        }
    }
}