{
    "课程目标1": {
        "平时成绩_平均值": 87.1,
        "平时成绩_达成度": 0.871,
        "期末考试_平均值": 32.97,
        "期末考试_达成度": 0.8242499999999999
    },
    "课程目标2": {
        "期末考试_平均值": 27.259999999999998,
        "期末考试_达成度": 0.826060606060606
    },
    "课程目标3": {
        "上机成绩_平均值": 17.279999999999998,
        "上机成绩_达成度": 0.8639999999999999,
        "期末考试_平均值": 22.130000000000003,
        "期末考试_达成度": 0.8196296296296298
    },
    "课程目标4": {
        "上机成绩_平均值": 69.11999999999999,
        "上机成绩_达成度": 0.8639999999999999
    },
    "平均总成绩": 83.607,
    "中位数": 83.705,
    "标准差": 1.500466964351802,
    "最高分": 85.84,
    "最低分": 80.58,
    "学生总数": 10,
    "未参加考试人数": 0,
    "参加考试人数": 10,
    "成绩分布": {
        "优秀": {
            "人数": 0,
            "占比": 0.0
        },
        "良好": {
            "人数": 10,
            "占比": 100.0
        },
        "中等": {
            "人数": 0,
            "占比": 0.0
        },
        "及格": {
            "人数": 0,
            "占比": 0.0
        },
        "不及格": {
            "人数": 0,
            "占比": 0.0
        }
    }
}