{
    "课程目标1": {
        "平时成绩_平均值": 82.5,
        "平时成绩_达成度": 0.825,
        "期末考试_平均值": 33.089999999999996,
        "期末考试_达成度": 0.8272499999999999
    },
    "课程目标2": {
        "期末考试_平均值": 27.169999999999998,
        "期末考试_达成度": 0.8233333333333333
    },
    "课程目标3": {
        "上机成绩_平均值": 17.699999999999996,
        "上机成绩_达成度": 0.8849999999999998,
        "期末考试_平均值": 22.770000000000003,
        "期末考试_达成度": 0.8433333333333336
    },
    "课程目标4": {
        "上机成绩_平均值": 70.79999999999998,
        "上机成绩_达成度": 0.8849999999999998
    },
    "平均总成绩": 84.371,
    "中位数": 83.995,
    "标准差": 1.3124146533097762,
    "最高分": 86.94,
    "最低分": 82.84,
    "学生总数": 10,
    "未参加考试人数": 0,
    "参加考试人数": 10,
    "成绩分布": {
        "优秀": {
            "人数": 0,
            "占比": 0.0
        },
        "良好": {
            "人数": 10,
            "占比": 100.0
        },
        "中等": {
            "人数": 0,
            "占比": 0.0
        },
        "及格": {
            "人数": 0,
            "占比": 0.0
        },
        "不及格": {
            "人数": 0,
            "占比": 0.0
        }
    }
}