{
    "课程目标1": {
        "平时成绩_平均值": 86.1,
        "平时成绩_达成度": 0.861,
        "期末考试_平均值": 32.82000000000001,
        "期末考试_达成度": 0.8205000000000002
    },
    "课程目标2": {
        "期末考试_平均值": 26.77,
        "期末考试_达成度": 0.8112121212121212
    },
    "课程目标3": {
        "上机成绩_平均值": 17.28,
        "上机成绩_达成度": 0.8640000000000001,
        "期末考试_平均值": 22.39,
        "期末考试_达成度": 0.8292592592592594
    },
    "课程目标4": {
        "上机成绩_平均值": 69.12,
        "上机成绩_达成度": 0.8640000000000001
    },
    "总成绩": {
        "平均值": 83.29100000000001,
        "中位值": 82.78999999999999,
        "标准差": 1.663079138893344,
        "最高分": 86.01,
        "最低分": 80.4
    },
    "人数统计": {
        "总人数": 10,
        "未参加考试人数": 0,
        "参加考试人数": 10
    },
    "成绩分布": {
        "优秀": {
            "人数": 0,
            "占比": 0.0
        },
        "良好": {
            "人数": 10,
            "占比": 100.0
        },
        "中等": {
            "人数": 0,
            "占比": 0.0
        },
        "及格": {
            "人数": 0,
            "占比": 0.0
        },
        "不及格": {
            "人数": 0,
            "占比": 0.0
        }
    }
}