{
    "课程目标1": {
        "平时成绩_平均值": 85.4,
        "平时成绩_达成度": 0.8540000000000001,
        "期末考试_平均值": 32.53,
        "期末考试_达成度": 0.81325
    },
    "课程目标2": {
        "期末考试_平均值": 27.21,
        "期末考试_达成度": 0.8245454545454546
    },
    "课程目标3": {
        "上机成绩_平均值": 17.520000000000003,
        "上机成绩_达成度": 0.8760000000000001,
        "期末考试_平均值": 21.919999999999998,
        "期末考试_达成度": 0.8118518518518519
    },
    "课程目标4": {
        "上机成绩_平均值": 70.08000000000001,
        "上机成绩_达成度": 0.8760000000000001
    },
    "平均总成绩": 83.332,
    "中位数": 83.815,
    "标准差": 2.1067130796575,
    "最高分": 86.5,
    "最低分": 80.21000000000001,
    "学生总数": 10,
    "未参加考试人数": 0,
    "参加考试人数": 10,
    "成绩分布": {
        "优秀": {
            "人数": 0,
            "占比": 0.0
        },
        "良好": {
            "人数": 10,
            "占比": 100.0
        },
        "中等": {
            "人数": 0,
            "占比": 0.0
        },
        "及格": {
            "人数": 0,
            "占比": 0.0
        },
        "不及格": {
            "人数": 0,
            "占比": 0.0
        }
    }
}