{
    "课程目标1": {
        "平时成绩_平均值": 84.4,
        "平时成绩_达成度": 0.8440000000000001,
        "期末考试_平均值": 32.67999999999999,
        "期末考试_达成度": 0.8169999999999998
    },
    "课程目标2": {
        "期末考试_平均值": 27.48,
        "期末考试_达成度": 0.8327272727272728
    },
    "课程目标3": {
        "上机成绩_平均值": 17.66,
        "上机成绩_达成度": 0.883,
        "期末考试_平均值": 22.35,
        "期末考试_达成度": 0.827777777777778
    },
    "课程目标4": {
        "上机成绩_平均值": 70.64,
        "上机成绩_达成度": 0.883
    },
    "总成绩": {
        "平均值": 84.05199999999999,
        "中位值": 84.125,
        "标准差": 1.7258093109546515,
        "最高分": 87.13,
        "最低分": 80.46000000000001
    },
    "人数统计": {
        "总人数": 10,
        "未参加考试人数": 0,
        "参加考试人数": 10
    },
    "成绩分布": {
        "优秀": {
            "人数": 0,
            "占比": 0.0
        },
        "良好": {
            "人数": 10,
            "占比": 100.0
        },
        "中等": {
            "人数": 0,
            "占比": 0.0
        },
        "及格": {
            "人数": 0,
            "占比": 0.0
        },
        "不及格": {
            "人数": 0,
            "占比": 0.0
        }
    }
}