{
    "课程目标1": {
        "平时成绩_平均值": 87.0,
        "平时成绩_达成度": 0.87,
        "期末考试_平均值": 33.010000000000005,
        "期末考试_达成度": 0.8252500000000002
    },
    "课程目标2": {
        "期末考试_平均值": 26.920000000000005,
        "期末考试_达成度": 0.8157575757575759
    },
    "课程目标3": {
        "上机成绩_平均值": 17.16,
        "上机成绩_达成度": 0.858,
        "期末考试_平均值": 22.11,
        "期末考试_达成度": 0.818888888888889
    },
    "课程目标4": {
        "上机成绩_平均值": 68.64,
        "上机成绩_达成度": 0.858
    },
    "平均总成绩": 83.228,
    "中位数": 83.06,
    "标准差": 1.1901055041932675,
    "最高分": 86.06,
    "最低分": 81.51,
    "学生总数": 10,
    "未参加考试人数": 0,
    "参加考试人数": 10,
    "成绩分布": {
        "优秀": {
            "人数": 0,
            "占比": 0.0
        },
        "良好": {
            "人数": 10,
            "占比": 100.0
        },
        "中等": {
            "人数": 0,
            "占比": 0.0
        },
        "及格": {
            "人数": 0,
            "占比": 0.0
        },
        "不及格": {
            "人数": 0,
            "占比": 0.0
        }
    }
}