{
    "课程目标1": {
        "平时成绩_平均值": 84.4,
        "平时成绩_达成度": 0.8440000000000001,
        "期末考试_平均值": 32.839999999999996,
        "期末考试_达成度": 0.821
    },
    "课程目标2": {
        "期末考试_平均值": 26.919999999999998,
        "期末考试_达成度": 0.8157575757575757
    },
    "课程目标3": {
        "上机成绩_平均值": 17.34,
        "上机成绩_达成度": 0.867,
        "期末考试_平均值": 21.61,
        "期末考试_达成度": 0.8003703703703705
    },
    "课程目标4": {
        "上机成绩_平均值": 69.36,
        "上机成绩_达成度": 0.867
    },
    "总成绩": {
        "平均值": 82.85400000000001,
        "中位值": 82.49000000000001,
        "标准差": 2.3011504369191815,
        "最高分": 86.45,
        "最低分": 78.27
    },
    "人数统计": {
        "总人数": 10,
        "未参加考试人数": 0,
        "参加考试人数": 10
    },
    "成绩分布": {
        "优秀": {
            "人数": 0,
            "占比": 0.0
        },
        "良好": {
            "人数": 9,
            "占比": 90.0
        },
        "中等": {
            "人数": 1,
            "占比": 10.0
        },
        "及格": {
            "人数": 0,
            "占比": 0.0
        },
        "不及格": {
            "人数": 0,
            "占比": 0.0
        }
    }
}