{
    "课程目标1": {
        "平时成绩_平均值": 84.5,
        "平时成绩_达成度": 0.845,
        "期末考试_平均值": 32.989999999999995,
        "期末考试_达成度": 0.8247499999999999
    },
    "课程目标2": {
        "期末考试_平均值": 27.22,
        "期末考试_达成度": 0.8248484848484848
    },
    "课程目标3": {
        "上机成绩_平均值": 17.34,
        "上机成绩_达成度": 0.867,
        "期末考试_平均值": 22.270000000000003,
        "期末考试_达成度": 0.824814814814815
    },
    "课程目标4": {
        "上机成绩_平均值": 69.36,
        "上机成绩_达成度": 0.867
    },
    "总成绩": {
        "平均值": 83.636,
        "中位值": 83.23,
        "标准差": 1.124279522380645,
        "最高分": 85.17,
        "最低分": 82.32
    },
    "人数统计": {
        "总人数": 10,
        "未参加考试人数": 0,
        "参加考试人数": 10
    },
    "成绩分布": {
        "优秀": {
            "人数": 0,
            "占比": 0.0
        },
        "良好": {
            "人数": 10,
            "占比": 100.0
        },
        "中等": {
            "人数": 0,
            "占比": 0.0
        },
        "及格": {
            "人数": 0,
            "占比": 0.0
        },
        "不及格": {
            "人数": 0,
            "占比": 0.0
        }
    }
}